city,person_id,credit_card,transactions
CityD,person_0,card_3598,36
CityD,person_1,card_246,17
CityB,person_2,card_1317,27
CityC,person_3,card_4624,68
CityA,person_4,card_1334,21
CityB,person_5,card_392,66
CityD,person_6,card_2681,18
CityB,person_7,card_3068,25
CityC,person_8,card_343,79
CityC,person_9,card_3087,18
CityD,person_10,card_4562,5
CityC,person_11,card_1528,63
CityC,person_12,card_3881,56
CityB,person_13,card_2489,61
CityB,person_14,card_67,20
CityC,person_15,card_2041,74
CityC,person_16,card_2055,42
CityD,person_17,card_1489,52
CityB,person_18,card_3659,31
CityB,person_19,card_248,90
CityB,person_20,card_2140,13
CityA,person_21,card_570,50
CityD,person_22,card_967,6
CityD,person_23,card_2108,44
CityB,person_24,card_3612,56
CityC,person_25,card_4958,63
CityC,person_26,card_3400,27
CityA,person_27,card_1085,46
CityB,person_28,card_3131,89
CityA,person_29,card_24,41
CityC,person_30,card_625,81
CityD,person_31,card_4296,99
CityA,person_32,card_2806,10
CityC,person_33,card_3465,5
CityC,person_34,card_4703,30
CityC,person_35,card_3317,100
CityD,person_36,card_2175,42
CityA,person_37,card_3677,28
CityB,person_38,card_4519,99
CityC,person_39,card_2217,47
CityA,person_40,card_855,70
CityD,person_41,card_4659,86
CityD,person_42,card_342,23
CityC,person_43,card_568,36
CityC,person_44,card_4194,81
CityB,person_45,card_4350,22
CityA,person_46,card_3464,86
CityD,person_47,card_1275,62
CityD,person_48,card_3770,16
CityA,person_49,card_2857,16
CityC,person_50,card_746,96
CityC,person_51,card_938,34
CityD,person_52,card_2763,28
CityA,person_53,card_4103,77
CityC,person_54,card_2614,24
CityA,person_55,card_3869,77
CityC,person_56,card_1098,96
CityB,person_57,card_3400,46
CityC,person_58,card_609,27
CityC,person_59,card_1016,94
CityA,person_60,card_3033,61
CityC,person_61,card_1028,55
CityA,person_62,card_2856,18
CityC,person_63,card_3927,25
CityB,person_64,card_956,74
CityD,person_65,card_1446,100
CityB,person_66,card_1003,50
CityA,person_67,card_4876,73
CityB,person_68,card_3977,32
CityC,person_69,card_1117,48
CityC,person_70,card_3083,96
CityD,person_71,card_3057,41
CityA,person_72,card_1713,71
CityD,person_73,card_2658,44
CityC,person_74,card_1049,98
CityA,person_75,card_4135,94
CityA,person_76,card_3649,50
CityB,person_77,card_808,84
CityB,person_78,card_2881,52
CityC,person_79,card_1530,71
CityA,person_80,card_4390,24
CityB,person_81,card_3704,13
CityB,person_82,card_4410,7
CityB,person_83,card_49,100
CityB,person_84,card_3737,66
CityC,person_85,card_737,58
CityB,person_86,card_1945,58
CityD,person_87,card_377,29
CityB,person_88,card_337,54
CityA,person_89,card_2634,48
CityD,person_90,card_1166,49
CityB,person_91,card_4676,88
CityD,person_92,card_2520,57
CityA,person_93,card_3568,75
CityB,person_94,card_1671,69
CityB,person_95,card_4411,33
CityA,person_96,card_724,77
CityB,person_97,card_3443,36
CityA,person_98,card_654,6
CityA,person_99,card_324,4
CityD,person_100,card_3233,78
CityA,person_101,card_3315,17
CityB,person_102,card_3148,12
CityD,person_103,card_1640,43
CityD,person_104,card_2643,45
CityD,person_105,card_3039,19
CityB,person_106,card_452,73
CityD,person_107,card_2527,29
CityD,person_108,card_949,52
CityD,person_109,card_116,47
CityB,person_110,card_2019,44
CityC,person_111,card_4726,16
CityC,person_112,card_1661,34
CityA,person_113,card_308,4
CityB,person_114,card_3869,81
CityD,person_115,card_1010,39
CityC,person_116,card_2801,40
CityA,person_117,card_3715,18
CityB,person_118,card_1368,32
CityA,person_119,card_3652,22
CityA,person_120,card_4610,11
CityD,person_121,card_2757,34
CityB,person_122,card_1850,39
CityB,person_123,card_178,40
CityA,person_124,card_4553,38
CityD,person_125,card_1833,22
CityB,person_126,card_573,94
CityD,person_127,card_2533,29
CityD,person_128,card_1123,22
CityD,person_129,card_4910,54
CityB,person_130,card_2911,25
CityC,person_131,card_47,18
CityA,person_132,card_4398,5
CityC,person_133,card_1834,39
CityA,person_134,card_3375,49
CityB,person_135,card_3016,39
CityC,person_136,card_2102,31
CityB,person_137,card_4005,47
CityD,person_138,card_3546,72
CityD,person_139,card_4321,20
CityA,person_140,card_2707,16
CityB,person_141,card_4019,43
CityC,person_142,card_2240,4
CityB,person_143,card_4242,59
CityD,person_144,card_4697,15
CityB,person_145,card_3170,41
CityC,person_146,card_2089,29
CityC,person_147,card_106,4
CityC,person_148,card_531,67
CityA,person_149,card_3825,85
CityC,person_150,card_4519,61
CityA,person_151,card_1764,59
CityA,person_152,card_172,25
CityD,person_153,card_1164,21
CityC,person_154,card_4517,44
CityD,person_155,card_4075,89
CityA,person_156,card_2745,20
CityD,person_157,card_4105,12
CityA,person_158,card_733,39
CityA,person_159,card_3377,53
CityB,person_160,card_2438,100
CityB,person_161,card_1740,89
CityA,person_162,card_536,1
CityA,person_163,card_4409,15
CityD,person_164,card_4548,29
CityB,person_165,card_2983,5
CityC,person_166,card_4868,50
CityD,person_167,card_142,75
CityD,person_168,card_667,52
CityA,person_169,card_4062,51
CityB,person_170,card_673,4
CityC,person_171,card_3581,65
CityA,person_172,card_2572,60
CityB,person_173,card_54,2
CityD,person_174,card_4270,43
CityC,person_175,card_1295,3
CityD,person_176,card_1544,74
CityD,person_177,card_3776,19
CityA,person_178,card_1485,95
CityB,person_179,card_3384,73
CityA,person_180,card_4148,97
CityC,person_181,card_3347,23
CityD,person_182,card_3582,92
CityD,person_183,card_894,7
CityD,person_184,card_1728,63
CityB,person_185,card_3591,5
CityC,person_186,card_3233,4
CityC,person_187,card_4969,82
CityA,person_188,card_3830,23
CityD,person_189,card_435,80
CityA,person_190,card_2301,52
CityC,person_191,card_642,54
CityD,person_192,card_965,38
CityD,person_193,card_1203,78
CityA,person_194,card_2651,39
CityA,person_195,card_1492,52
CityD,person_196,card_554,20
CityD,person_197,card_2543,62
CityB,person_198,card_2763,8
CityA,person_199,card_2952,57
CityA,person_200,card_2704,86
CityA,person_201,card_2517,52
CityD,person_202,card_1889,35
CityA,person_203,card_3285,33
CityA,person_204,card_1083,48
CityA,person_205,card_4254,21
CityC,person_206,card_72,69
CityB,person_207,card_4792,21
CityD,person_208,card_4448,36
CityD,person_209,card_4276,34
CityC,person_210,card_4362,66
CityD,person_211,card_1191,51
CityB,person_212,card_1591,16
CityB,person_213,card_1713,12
CityB,person_214,card_4130,50
CityD,person_215,card_70,75
CityB,person_216,card_3376,21
CityD,person_217,card_1812,39
CityB,person_218,card_286,20
CityB,person_219,card_4161,90
CityD,person_220,card_1989,76
CityB,person_221,card_348,57
CityB,person_222,card_4194,80
CityD,person_223,card_1045,39
CityC,person_224,card_1421,96
CityD,person_225,card_2161,22
CityA,person_226,card_2522,42
CityD,person_227,card_2146,23
CityA,person_228,card_3400,92
CityA,person_229,card_2687,20
CityA,person_230,card_622,96
CityA,person_231,card_606,72
CityC,person_232,card_2149,92
CityC,person_233,card_681,97
CityC,person_234,card_1175,79
CityC,person_235,card_3453,88
CityA,person_236,card_3493,13
CityB,person_237,card_3276,23
CityA,person_238,card_4910,73
CityB,person_239,card_1517,13
CityD,person_240,card_4550,74
CityD,person_241,card_2432,68
CityC,person_242,card_3078,29
CityD,person_243,card_605,54
CityA,person_244,card_1630,47
CityB,person_245,card_642,48
CityB,person_246,card_1679,21
CityA,person_247,card_824,39
CityD,person_248,card_3145,15
CityD,person_249,card_4720,23
CityC,person_250,card_535,21
CityB,person_251,card_759,59
CityA,person_252,card_4396,51
CityB,person_253,card_2903,17
CityB,person_254,card_4835,60
CityD,person_255,card_1565,54
CityB,person_256,card_3178,49
CityA,person_257,card_4114,98
CityB,person_258,card_1579,68
CityA,person_259,card_1173,96
CityC,person_260,card_3158,55
CityD,person_261,card_1619,73
CityD,person_262,card_3310,89
CityA,person_263,card_470,37
CityA,person_264,card_1695,77
CityD,person_265,card_4985,20
CityC,person_266,card_3576,93
CityB,person_267,card_942,74
CityB,person_268,card_2418,77
CityD,person_269,card_3749,20
CityA,person_270,card_3632,36
CityB,person_271,card_272,96
CityC,person_272,card_3208,53
CityD,person_273,card_3439,64
CityA,person_274,card_2858,89
CityC,person_275,card_1173,66
CityC,person_276,card_310,16
CityD,person_277,card_1699,100
CityA,person_278,card_3134,87
CityB,person_279,card_4646,35
CityC,person_280,card_4115,19
CityC,person_281,card_3619,66
CityC,person_282,card_2667,58
CityB,person_283,card_1253,47
CityD,person_284,card_2158,4
CityB,person_285,card_4123,46
CityD,person_286,card_2713,61
CityA,person_287,card_2393,19
CityA,person_288,card_984,75
CityD,person_289,card_1002,62
CityB,person_290,card_1384,27
CityC,person_291,card_4827,13
CityA,person_292,card_600,24
CityA,person_293,card_523,79
CityD,person_294,card_1306,35
CityD,person_295,card_4588,79
CityB,person_296,card_61,66
CityB,person_297,card_1095,9
CityA,person_298,card_1961,50
CityA,person_299,card_4318,76
CityA,person_300,card_4528,86
CityD,person_301,card_4095,2
CityB,person_302,card_4332,29
CityA,person_303,card_803,36
CityA,person_304,card_1299,20
CityB,person_305,card_2623,18
CityC,person_306,card_4655,64
CityC,person_307,card_37,66
CityC,person_308,card_4157,6
CityB,person_309,card_3506,65
CityA,person_310,card_634,51
CityC,person_311,card_4469,83
CityB,person_312,card_4510,15
CityA,person_313,card_3969,75
CityB,person_314,card_2462,5
CityD,person_315,card_972,9
CityA,person_316,card_1977,2
CityA,person_317,card_1630,8
CityC,person_318,card_4738,90
CityA,person_319,card_937,60
CityB,person_320,card_4473,57
CityC,person_321,card_1266,3
CityB,person_322,card_1998,68
CityB,person_323,card_1589,60
CityC,person_324,card_1021,97
CityD,person_325,card_83,99
CityC,person_326,card_325,97
CityB,person_327,card_89,75
CityD,person_328,card_4327,59
CityD,person_329,card_2266,66
CityB,person_330,card_4560,69
CityD,person_331,card_70,82
CityC,person_332,card_694,97
CityA,person_333,card_3186,76
CityD,person_334,card_530,34
CityD,person_335,card_1068,27
CityA,person_336,card_2312,54
CityB,person_337,card_2164,4
CityD,person_338,card_622,7
CityC,person_339,card_84,30
CityD,person_340,card_2001,11
CityD,person_341,card_2008,40
CityD,person_342,card_4180,89
CityB,person_343,card_3187,81
CityC,person_344,card_1357,38
CityC,person_345,card_4882,30
CityD,person_346,card_4454,52
CityB,person_347,card_2440,90
CityA,person_348,card_317,9
CityB,person_349,card_2036,75
CityA,person_350,card_283,78
CityD,person_351,card_27,82
CityB,person_352,card_4584,20
CityC,person_353,card_1905,44
CityC,person_354,card_4792,43
CityD,person_355,card_3011,93
CityC,person_356,card_4307,73
CityD,person_357,card_4824,41
CityB,person_358,card_2848,39
CityA,person_359,card_3749,53
CityB,person_360,card_1823,82
CityD,person_361,card_3210,56
CityD,person_362,card_3694,7
CityC,person_363,card_1592,65
CityA,person_364,card_2382,4
CityC,person_365,card_3264,75
CityA,person_366,card_733,90
CityA,person_367,card_1025,8
CityB,person_368,card_4057,37
CityC,person_369,card_4427,97
CityC,person_370,card_447,7
CityC,person_371,card_2587,34
CityA,person_372,card_3979,33
CityA,person_373,card_201,21
CityC,person_374,card_542,7
CityB,person_375,card_4563,39
CityB,person_376,card_3358,35
CityC,person_377,card_1233,72
CityA,person_378,card_1680,77
CityB,person_379,card_851,79
CityD,person_380,card_188,83
CityA,person_381,card_4352,57
CityA,person_382,card_1776,99
CityD,person_383,card_94,57
CityA,person_384,card_2979,16
CityC,person_385,card_2853,82
CityD,person_386,card_588,50
CityB,person_387,card_1666,15
CityD,person_388,card_2944,36
CityB,person_389,card_104,90
CityA,person_390,card_3776,78
CityD,person_391,card_1753,45
CityB,person_392,card_675,74
CityD,person_393,card_2779,87
CityC,person_394,card_2757,20
CityA,person_395,card_3073,74
CityD,person_396,card_3490,30
CityD,person_397,card_90,12
CityD,person_398,card_3779,34
CityB,person_399,card_248,50
CityB,person_400,card_2136,68
CityB,person_401,card_2697,4
CityC,person_402,card_2791,8
CityC,person_403,card_1706,74
CityA,person_404,card_1244,52
CityB,person_405,card_3665,96
CityC,person_406,card_4636,62
CityB,person_407,card_4331,44
CityA,person_408,card_2249,16
CityC,person_409,card_829,50
CityD,person_410,card_358,16
CityC,person_411,card_1687,82
CityB,person_412,card_64,84
CityA,person_413,card_668,55
CityB,person_414,card_4548,24
CityD,person_415,card_2548,85
CityB,person_416,card_116,93
CityB,person_417,card_3202,43
CityD,person_418,card_4075,37
CityB,person_419,card_714,71
CityA,person_420,card_4512,39
CityD,person_421,card_530,50
CityC,person_422,card_115,45
CityB,person_423,card_277,74
CityC,person_424,card_4683,78
CityD,person_425,card_2202,7
CityD,person_426,card_4,97
CityB,person_427,card_2129,10
CityD,person_428,card_1755,83
CityD,person_429,card_3000,32
CityC,person_430,card_747,24
CityC,person_431,card_4591,61
CityC,person_432,card_1341,85
CityA,person_433,card_4604,19
CityA,person_434,card_4051,51
CityB,person_435,card_524,2
CityA,person_436,card_1660,73
CityB,person_437,card_2986,71
CityA,person_438,card_3864,50
CityB,person_439,card_4463,2
CityB,person_440,card_2555,55
CityA,person_441,card_1995,47
CityB,person_442,card_1381,79
CityD,person_443,card_3446,85
CityD,person_444,card_3948,66
CityC,person_445,card_2905,97
CityC,person_446,card_4768,31
CityB,person_447,card_2475,99
CityC,person_448,card_2422,21
CityC,person_449,card_98,68
CityB,person_450,card_1571,82
CityB,person_451,card_4744,94
CityA,person_452,card_4795,44
CityB,person_453,card_4853,63
CityC,person_454,card_4374,37
CityB,person_455,card_4937,62
CityD,person_456,card_4410,35
CityD,person_457,card_2145,15
CityC,person_458,card_501,99
CityD,person_459,card_3191,34
CityB,person_460,card_1399,73
CityB,person_461,card_4911,16
CityC,person_462,card_3157,66
CityB,person_463,card_2733,66
CityA,person_464,card_262,34
CityD,person_465,card_3236,27
CityD,person_466,card_1146,7
CityD,person_467,card_3431,82
CityD,person_468,card_3605,47
CityD,person_469,card_451,19
CityD,person_470,card_2666,68
CityB,person_471,card_3227,22
CityA,person_472,card_3258,41
CityC,person_473,card_482,88
CityC,person_474,card_215,62
CityA,person_475,card_3143,58
CityD,person_476,card_3585,86
CityC,person_477,card_2482,45
CityB,person_478,card_4840,89
CityA,person_479,card_3602,51
CityA,person_480,card_986,96
CityB,person_481,card_3077,70
CityD,person_482,card_3592,35
CityB,person_483,card_1878,4
CityA,person_484,card_315,55
CityC,person_485,card_4230,69
CityA,person_486,card_4571,80
CityD,person_487,card_2368,19
CityB,person_488,card_2139,34
CityA,person_489,card_3582,50
CityC,person_490,card_2329,98
CityB,person_491,card_771,64
CityC,person_492,card_3008,95
CityD,person_493,card_2492,24
CityA,person_494,card_3768,74
CityA,person_495,card_4812,12
CityB,person_496,card_2210,59
CityA,person_497,card_2282,99
CityC,person_498,card_1387,53
CityC,person_499,card_1715,52
CityB,person_500,card_3397,91
CityC,person_501,card_60,29
CityB,person_502,card_959,9
CityB,person_503,card_2995,30
CityB,person_504,card_3786,89
CityC,person_505,card_1753,54
CityB,person_506,card_1188,87
CityC,person_507,card_3168,18
CityC,person_508,card_2009,86
CityC,person_509,card_563,47
CityC,person_510,card_2681,16
CityB,person_511,card_4197,97
CityC,person_512,card_4726,81
CityD,person_513,card_2232,12
CityB,person_514,card_3838,9
CityB,person_515,card_1860,11
CityA,person_516,card_1865,3
CityC,person_517,card_821,72
CityC,person_518,card_4931,3
CityB,person_519,card_3086,21
CityA,person_520,card_4639,80
CityB,person_521,card_4211,44
CityC,person_522,card_4631,39
CityA,person_523,card_1175,7
CityC,person_524,card_3677,5
CityD,person_525,card_2946,41
CityB,person_526,card_3017,24
CityC,person_527,card_3955,73
CityD,person_528,card_4614,82
CityB,person_529,card_1423,12
CityB,person_530,card_3942,83
CityA,person_531,card_218,85
CityC,person_532,card_403,40
CityC,person_533,card_2037,41
CityB,person_534,card_4447,82
CityB,person_535,card_3943,23
CityA,person_536,card_432,59
CityA,person_537,card_1332,71
CityD,person_538,card_1498,62
CityD,person_539,card_2042,64
CityD,person_540,card_2475,35
CityD,person_541,card_4115,45
CityA,person_542,card_3504,26
CityD,person_543,card_518,2
CityB,person_544,card_2426,65
CityD,person_545,card_190,82
CityC,person_546,card_2423,48
CityB,person_547,card_2064,34
CityB,person_548,card_3653,74
CityD,person_549,card_4626,78
CityD,person_550,card_1958,80
CityA,person_551,card_3368,11
CityA,person_552,card_3685,76
CityD,person_553,card_4448,42
CityC,person_554,card_3286,73
CityD,person_555,card_1742,92
CityD,person_556,card_1693,75
CityA,person_557,card_2934,15
CityB,person_558,card_1622,95
CityB,person_559,card_786,93
CityA,person_560,card_39,67
CityD,person_561,card_1410,69
CityD,person_562,card_192,65
CityC,person_563,card_2657,3
CityD,person_564,card_1107,22
CityB,person_565,card_3044,23
CityC,person_566,card_4894,71
CityB,person_567,card_4160,27
CityB,person_568,card_902,34
CityB,person_569,card_3225,34
CityB,person_570,card_4298,58
CityA,person_571,card_3859,75
CityD,person_572,card_3599,88
CityD,person_573,card_1374,99
CityC,person_574,card_1766,5
CityC,person_575,card_1682,8
CityA,person_576,card_3700,3
CityC,person_577,card_2114,94
CityD,person_578,card_1550,10
CityB,person_579,card_1729,22
CityB,person_580,card_3789,29
CityA,person_581,card_467,26
CityA,person_582,card_4799,58
CityC,person_583,card_2029,37
CityD,person_584,card_2832,95
CityC,person_585,card_2636,92
CityA,person_586,card_966,38
CityC,person_587,card_178,94
CityB,person_588,card_3064,59
CityD,person_589,card_3795,100
CityC,person_590,card_4592,64
CityA,person_591,card_2065,39
CityA,person_592,card_4943,20
CityB,person_593,card_756,69
CityB,person_594,card_2252,44
CityB,person_595,card_1658,95
CityC,person_596,card_1572,60
CityB,person_597,card_532,18
CityA,person_598,card_3534,21
CityA,person_599,card_2289,87
CityD,person_600,card_4964,10
CityC,person_601,card_1102,2
CityD,person_602,card_228,28
CityC,person_603,card_682,90
CityD,person_604,card_2191,18
CityA,person_605,card_140,37
CityA,person_606,card_4600,84
CityA,person_607,card_373,5
CityD,person_608,card_2729,100
CityC,person_609,card_365,11
CityA,person_610,card_3205,19
CityB,person_611,card_149,28
CityC,person_612,card_3098,85
CityB,person_613,card_346,58
CityD,person_614,card_4899,60
CityD,person_615,card_4502,81
CityA,person_616,card_4648,43
CityA,person_617,card_845,67
CityD,person_618,card_541,11
CityD,person_619,card_3939,22
CityD,person_620,card_1559,71
CityA,person_621,card_651,89
CityB,person_622,card_2532,35
CityA,person_623,card_3890,37
CityC,person_624,card_4059,91
CityB,person_625,card_1926,66
CityC,person_626,card_2591,80
CityD,person_627,card_4340,52
CityA,person_628,card_366,63
CityD,person_629,card_3717,47
CityA,person_630,card_3558,56
CityA,person_631,card_2047,44
CityD,person_632,card_4252,97
CityB,person_633,card_1581,14
CityC,person_634,card_2435,44
CityD,person_635,card_1386,81
CityA,person_636,card_685,83
CityB,person_637,card_161,48
CityC,person_638,card_2437,2
CityD,person_639,card_2402,92
CityB,person_640,card_3580,79
CityC,person_641,card_3395,6
CityC,person_642,card_3490,17
CityA,person_643,card_2825,24
CityC,person_644,card_4672,78
CityD,person_645,card_2134,28
CityA,person_646,card_3258,76
CityB,person_647,card_1194,18
CityD,person_648,card_4111,67
CityB,person_649,card_1639,93
CityC,person_650,card_4068,89
CityD,person_651,card_1075,53
CityB,person_652,card_4714,98
CityA,person_653,card_171,9
CityB,person_654,card_3902,31
CityD,person_655,card_3204,65
CityA,person_656,card_4380,98
CityC,person_657,card_329,25
CityB,person_658,card_1815,58
CityC,person_659,card_427,64
CityC,person_660,card_143,43
CityC,person_661,card_1021,56
CityD,person_662,card_4942,9
CityD,person_663,card_153,26
CityC,person_664,card_251,34
CityC,person_665,card_1425,18
CityC,person_666,card_476,31
CityB,person_667,card_3412,98
CityC,person_668,card_3345,6
CityD,person_669,card_2908,2
CityB,person_670,card_1201,43
CityD,person_671,card_4664,22
CityA,person_672,card_3480,22
CityC,person_673,card_2229,95
CityB,person_674,card_1448,49
CityC,person_675,card_880,58
CityD,person_676,card_3459,34
CityC,person_677,card_3141,37
CityC,person_678,card_3169,48
CityD,person_679,card_2406,29
CityA,person_680,card_1234,56
CityC,person_681,card_70,100
CityC,person_682,card_1135,25
CityB,person_683,card_1006,82
CityB,person_684,card_2032,64
CityC,person_685,card_1275,81
CityA,person_686,card_4243,49
CityC,person_687,card_3278,97
CityB,person_688,card_13,63
CityD,person_689,card_4751,13
CityD,person_690,card_4583,49
CityB,person_691,card_762,36
CityA,person_692,card_4838,95
CityB,person_693,card_2553,7
CityA,person_694,card_1457,35
CityA,person_695,card_2645,64
CityD,person_696,card_2952,88
CityA,person_697,card_3365,76
CityB,person_698,card_1512,52
CityC,person_699,card_1238,34
CityD,person_700,card_2343,57
CityD,person_701,card_3946,12
CityC,person_702,card_3134,36
CityD,person_703,card_2877,51
CityC,person_704,card_4557,52
CityC,person_705,card_1679,65
CityD,person_706,card_296,33
CityD,person_707,card_1313,35
CityA,person_708,card_4919,99
CityA,person_709,card_2985,60
CityA,person_710,card_4142,60
CityD,person_711,card_3980,6
CityD,person_712,card_143,79
CityB,person_713,card_62,70
CityD,person_714,card_2181,80
CityA,person_715,card_4987,72
CityB,person_716,card_1407,24
CityD,person_717,card_1674,4
CityA,person_718,card_805,73
CityA,person_719,card_2727,50
CityB,person_720,card_4950,9
CityD,person_721,card_530,18
CityD,person_722,card_2570,14
CityC,person_723,card_3804,56
CityD,person_724,card_2537,3
CityB,person_725,card_4517,7
CityD,person_726,card_3501,34
CityB,person_727,card_4680,82
CityB,person_728,card_3370,89
CityD,person_729,card_3294,96
CityB,person_730,card_1592,35
CityC,person_731,card_1915,41
CityB,person_732,card_4051,3
CityB,person_733,card_374,2
CityB,person_734,card_977,92
CityC,person_735,card_2329,13
CityB,person_736,card_4067,78
CityB,person_737,card_2418,24
CityA,person_738,card_698,2
CityC,person_739,card_2806,73
CityC,person_740,card_15,27
CityC,person_741,card_2787,52
CityC,person_742,card_676,66
CityC,person_743,card_3952,50
CityD,person_744,card_4363,46
CityA,person_745,card_4387,50
CityB,person_746,card_4610,22
CityB,person_747,card_395,11
CityA,person_748,card_4725,42
CityD,person_749,card_3770,89
CityA,person_750,card_296,62
CityA,person_751,card_1467,85
CityB,person_752,card_229,59
CityA,person_753,card_1964,14
CityA,person_754,card_952,23
CityD,person_755,card_2184,82
CityD,person_756,card_575,54
CityD,person_757,card_691,79
CityC,person_758,card_4227,96
CityA,person_759,card_4036,48
CityA,person_760,card_2679,73
CityD,person_761,card_3596,81
CityA,person_762,card_4544,95
CityC,person_763,card_3611,10
CityB,person_764,card_119,54
CityD,person_765,card_2542,10
CityB,person_766,card_1650,99
CityC,person_767,card_2545,16
CityD,person_768,card_1705,99
CityD,person_769,card_1128,45
CityC,person_770,card_4976,37
CityA,person_771,card_414,95
CityC,person_772,card_4466,91
CityC,person_773,card_3419,87
CityB,person_774,card_4501,33
CityB,person_775,card_4965,90
CityC,person_776,card_1111,48
CityC,person_777,card_3044,74
CityA,person_778,card_671,43
CityD,person_779,card_4125,87
CityC,person_780,card_3880,62
CityA,person_781,card_1296,18
CityD,person_782,card_4157,38
CityD,person_783,card_692,19
CityD,person_784,card_1104,48
CityD,person_785,card_54,14
CityB,person_786,card_3157,7
CityB,person_787,card_2108,22
CityC,person_788,card_2128,44
CityC,person_789,card_736,92
CityC,person_790,card_3193,45
CityB,person_791,card_3296,35
CityB,person_792,card_4638,45
CityD,person_793,card_3892,88
CityB,person_794,card_1712,55
CityA,person_795,card_3430,88
CityB,person_796,card_1650,89
CityB,person_797,card_3969,69
CityB,person_798,card_1108,55
CityC,person_799,card_3042,17
CityC,person_800,card_2810,57
CityA,person_801,card_1156,6
CityC,person_802,card_3491,14
CityC,person_803,card_4022,11
CityD,person_804,card_4938,38
CityB,person_805,card_4013,17
CityC,person_806,card_2904,29
CityB,person_807,card_4809,87
CityD,person_808,card_233,6
CityD,person_809,card_1979,35
CityD,person_810,card_2719,67
CityA,person_811,card_2332,95
CityC,person_812,card_59,79
CityB,person_813,card_3966,17
CityA,person_814,card_2169,54
CityB,person_815,card_2924,98
CityA,person_816,card_1995,77
CityD,person_817,card_3372,91
CityA,person_818,card_498,47
CityA,person_819,card_570,77
CityD,person_820,card_2506,93
CityC,person_821,card_2061,77
CityB,person_822,card_2777,9
CityC,person_823,card_4985,30
CityC,person_824,card_3216,75
CityA,person_825,card_457,23
CityB,person_826,card_4454,60
CityA,person_827,card_4238,82
CityC,person_828,card_2228,85
CityB,person_829,card_2836,54
CityC,person_830,card_981,71
CityA,person_831,card_959,65
CityC,person_832,card_3403,1
CityB,person_833,card_2524,7
CityD,person_834,card_419,80
CityA,person_835,card_3348,88
CityD,person_836,card_1089,68
CityC,person_837,card_3637,64
CityA,person_838,card_1553,48
CityB,person_839,card_4068,38
CityD,person_840,card_872,96
CityA,person_841,card_3534,50
CityA,person_842,card_1811,8
CityC,person_843,card_2787,50
CityA,person_844,card_2640,20
CityA,person_845,card_1472,77
CityD,person_846,card_1903,80
CityC,person_847,card_3826,91
CityA,person_848,card_4779,29
CityC,person_849,card_4847,70
CityA,person_850,card_4292,18
CityB,person_851,card_1510,57
CityC,person_852,card_4256,74
CityD,person_853,card_1544,31
CityB,person_854,card_4130,3
CityA,person_855,card_3561,92
CityA,person_856,card_4782,91
CityC,person_857,card_2957,1
CityD,person_858,card_4362,74
CityD,person_859,card_2206,88
CityA,person_860,card_1255,44
CityB,person_861,card_805,76
CityD,person_862,card_3298,66
CityD,person_863,card_1317,79
CityD,person_864,card_1267,81
CityA,person_865,card_4316,27
CityB,person_866,card_1467,35
CityB,person_867,card_1714,27
CityA,person_868,card_342,97
CityB,person_869,card_2718,99
CityA,person_870,card_2420,93
CityD,person_871,card_3064,84
CityC,person_872,card_4634,54
CityD,person_873,card_859,44
CityB,person_874,card_4723,70
CityA,person_875,card_4930,75
CityA,person_876,card_930,10
CityB,person_877,card_1591,8
CityA,person_878,card_1261,64
CityC,person_879,card_3318,15
CityB,person_880,card_2748,39
CityC,person_881,card_2413,70
CityD,person_882,card_3173,49
CityD,person_883,card_4360,66
CityD,person_884,card_1610,94
CityC,person_885,card_2793,94
CityD,person_886,card_116,86
CityB,person_887,card_3972,19
CityD,person_888,card_227,58
CityC,person_889,card_298,65
CityC,person_890,card_1174,58
CityC,person_891,card_2772,81
CityC,person_892,card_4774,3
CityC,person_893,card_2358,11
CityC,person_894,card_3520,85
CityD,person_895,card_1675,9
CityD,person_896,card_1939,56
CityC,person_897,card_3661,55
CityB,person_898,card_4444,7
CityD,person_899,card_1657,36
CityA,person_900,card_3500,17
CityA,person_901,card_884,26
CityD,person_902,card_4067,39
CityA,person_903,card_2556,30
CityC,person_904,card_4025,46
CityD,person_905,card_4320,68
CityA,person_906,card_4697,39
CityB,person_907,card_4784,10
CityB,person_908,card_1334,25
CityA,person_909,card_2653,71
CityB,person_910,card_221,8
CityA,person_911,card_3943,68
CityA,person_912,card_1040,4
CityB,person_913,card_3321,69
CityA,person_914,card_4343,34
CityB,person_915,card_3353,39
CityC,person_916,card_2197,49
CityB,person_917,card_3967,64
CityB,person_918,card_3211,62
CityC,person_919,card_474,88
CityB,person_920,card_4957,11
CityD,person_921,card_4202,73
CityC,person_922,card_385,76
CityA,person_923,card_4857,13
CityB,person_924,card_4467,37
CityB,person_925,card_3638,96
CityD,person_926,card_4870,5
CityB,person_927,card_2976,90
CityA,person_928,card_605,11
CityC,person_929,card_2402,25
CityD,person_930,card_1057,46
CityB,person_931,card_195,97
CityC,person_932,card_4960,64
CityC,person_933,card_4809,25
CityC,person_934,card_3092,38
CityC,person_935,card_138,83
CityA,person_936,card_3114,2
CityB,person_937,card_255,57
CityC,person_938,card_4420,3
CityA,person_939,card_2544,62
CityB,person_940,card_2229,17
CityC,person_941,card_2546,76
CityC,person_942,card_4104,53
CityC,person_943,card_3729,91
CityC,person_944,card_1737,61
CityD,person_945,card_2546,45
CityD,person_946,card_4186,97
CityB,person_947,card_4738,30
CityC,person_948,card_4955,94
CityC,person_949,card_2145,9
CityC,person_950,card_3239,48
CityD,person_951,card_2320,27
CityA,person_952,card_4670,94
CityC,person_953,card_1713,24
CityA,person_954,card_4371,9
CityB,person_955,card_3963,68
CityD,person_956,card_3150,55
CityA,person_957,card_2904,92
CityD,person_958,card_3508,75
CityA,person_959,card_278,56
CityC,person_960,card_1468,89
CityA,person_961,card_1297,85
CityA,person_962,card_1646,64
CityC,person_963,card_771,50
CityD,person_964,card_3446,34
CityC,person_965,card_3771,71
CityB,person_966,card_4381,44
CityB,person_967,card_1289,35
CityA,person_968,card_926,88
CityC,person_969,card_4909,94
CityC,person_970,card_4021,92
CityA,person_971,card_3489,49
CityA,person_972,card_3021,11
CityC,person_973,card_307,77
CityD,person_974,card_4590,45
CityA,person_975,card_2920,74
CityB,person_976,card_1752,31
CityA,person_977,card_2123,5
CityB,person_978,card_689,29
CityA,person_979,card_1429,17
CityC,person_980,card_1678,11
CityD,person_981,card_1805,24
CityC,person_982,card_1376,52
CityD,person_983,card_3793,46
CityD,person_984,card_4322,23
CityC,person_985,card_2212,24
CityC,person_986,card_3336,53
CityD,person_987,card_503,96
CityD,person_988,card_1994,11
CityC,person_989,card_2184,49
CityD,person_990,card_640,75
CityA,person_991,card_1727,54
CityA,person_992,card_499,40
CityB,person_993,card_2220,7
CityB,person_994,card_585,42
CityB,person_995,card_2150,84
CityB,person_996,card_4560,21
CityD,person_997,card_988,96
CityD,person_998,card_4087,2
CityA,person_999,card_3653,17
CityC,person_1000,card_2793,80
CityD,person_1001,card_4943,94
CityB,person_1002,card_4989,4
CityD,person_1003,card_710,47
CityD,person_1004,card_1742,53
CityD,person_1005,card_188,66
CityD,person_1006,card_896,12
CityB,person_1007,card_1254,40
CityA,person_1008,card_4003,32
CityB,person_1009,card_847,100
CityD,person_1010,card_1355,93
CityA,person_1011,card_2300,57
CityC,person_1012,card_277,33
CityD,person_1013,card_729,62
CityB,person_1014,card_60,19
CityB,person_1015,card_1798,71
CityD,person_1016,card_4527,50
CityD,person_1017,card_1435,62
CityB,person_1018,card_3894,72
CityC,person_1019,card_3183,83
CityD,person_1020,card_283,12
CityD,person_1021,card_4682,44
CityD,person_1022,card_2639,99
CityC,person_1023,card_3146,33
CityA,person_1024,card_4411,35
CityB,person_1025,card_4665,47
CityC,person_1026,card_2390,91
CityA,person_1027,card_2735,40
CityC,person_1028,card_1771,52
CityA,person_1029,card_2358,99
CityB,person_1030,card_3391,37
CityA,person_1031,card_2342,42
CityC,person_1032,card_3181,28
CityB,person_1033,card_1137,90
CityB,person_1034,card_2005,5
CityA,person_1035,card_4254,25
CityA,person_1036,card_836,7
CityB,person_1037,card_4035,56
CityB,person_1038,card_2359,15
CityD,person_1039,card_130,54
CityD,person_1040,card_1080,34
CityC,person_1041,card_481,78
CityA,person_1042,card_2227,35
CityA,person_1043,card_585,29
CityB,person_1044,card_4208,16
CityD,person_1045,card_990,64
CityA,person_1046,card_1789,29
CityC,person_1047,card_4319,34
CityC,person_1048,card_1191,46
CityC,person_1049,card_3604,39
CityB,person_1050,card_4657,3
CityD,person_1051,card_3103,42
CityB,person_1052,card_1475,7
CityD,person_1053,card_4047,87
CityD,person_1054,card_1969,62
CityD,person_1055,card_4891,32
CityA,person_1056,card_1283,54
CityC,person_1057,card_2409,14
CityB,person_1058,card_1147,98
CityD,person_1059,card_2752,90
CityC,person_1060,card_4456,84
CityA,person_1061,card_1756,45
CityA,person_1062,card_1385,33
CityA,person_1063,card_2118,40
CityD,person_1064,card_1513,36
CityD,person_1065,card_471,15
CityD,person_1066,card_418,90
CityB,person_1067,card_3088,61
CityD,person_1068,card_1334,57
CityD,person_1069,card_4290,31
CityC,person_1070,card_2268,7
CityA,person_1071,card_1546,99
CityA,person_1072,card_935,52
CityB,person_1073,card_2152,8
CityD,person_1074,card_520,96
CityA,person_1075,card_4931,50
CityD,person_1076,card_1145,24
CityC,person_1077,card_382,11
CityC,person_1078,card_2832,4
CityB,person_1079,card_85,13
CityB,person_1080,card_1873,4
CityB,person_1081,card_2097,11
CityC,person_1082,card_2510,4
CityC,person_1083,card_218,41
CityB,person_1084,card_165,19
CityC,person_1085,card_3231,91
CityB,person_1086,card_4254,42
CityA,person_1087,card_1740,87
CityD,person_1088,card_3222,54
CityC,person_1089,card_2798,94
CityB,person_1090,card_2676,36
CityB,person_1091,card_1794,21
CityC,person_1092,card_4919,93
CityC,person_1093,card_2023,58
CityA,person_1094,card_1150,77
CityA,person_1095,card_747,31
CityA,person_1096,card_1631,34
CityB,person_1097,card_3042,15
CityB,person_1098,card_4,51
CityC,person_1099,card_2513,80
CityC,person_1100,card_3653,55
CityD,person_1101,card_4076,44
CityC,person_1102,card_2742,30
CityA,person_1103,card_4482,61
CityA,person_1104,card_2887,58
CityD,person_1105,card_3110,34
CityA,person_1106,card_1785,24
CityD,person_1107,card_3788,33
CityA,person_1108,card_4897,100
CityA,person_1109,card_2584,17
CityC,person_1110,card_2040,39
CityD,person_1111,card_1997,68
CityA,person_1112,card_4252,66
CityC,person_1113,card_1619,48
CityB,person_1114,card_1779,73
CityD,person_1115,card_277,15
CityC,person_1116,card_4946,12
CityA,person_1117,card_742,47
CityB,person_1118,card_2051,22
CityD,person_1119,card_2320,83
CityD,person_1120,card_1419,89
CityB,person_1121,card_2700,95
CityB,person_1122,card_2982,90
CityB,person_1123,card_3212,81
CityA,person_1124,card_1046,30
CityA,person_1125,card_2275,69
CityB,person_1126,card_1480,65
CityD,person_1127,card_697,93
CityD,person_1128,card_600,21
CityA,person_1129,card_3273,5
CityD,person_1130,card_4170,62
CityD,person_1131,card_3091,11
CityD,person_1132,card_3469,93
CityD,person_1133,card_291,63
CityC,person_1134,card_1429,78
CityD,person_1135,card_1488,36
CityB,person_1136,card_3193,95
CityD,person_1137,card_4392,51
CityA,person_1138,card_3297,68
CityA,person_1139,card_3657,52
CityC,person_1140,card_4837,82
CityA,person_1141,card_956,61
CityB,person_1142,card_238,39
CityB,person_1143,card_4932,36
CityB,person_1144,card_1354,47
CityB,person_1145,card_1838,48
CityB,person_1146,card_1333,91
CityA,person_1147,card_7,60
CityA,person_1148,card_3171,15
CityD,person_1149,card_4063,74
CityA,person_1150,card_1364,64
CityD,person_1151,card_4030,47
CityB,person_1152,card_3001,79
CityC,person_1153,card_1627,17
CityC,person_1154,card_955,11
CityC,person_1155,card_3314,23
CityD,person_1156,card_2087,85
CityB,person_1157,card_125,49
CityA,person_1158,card_2137,92
CityA,person_1159,card_587,73
CityC,person_1160,card_153,74
CityD,person_1161,card_2704,20
CityB,person_1162,card_380,54
CityC,person_1163,card_2713,81
CityC,person_1164,card_1494,13
CityB,person_1165,card_177,96
CityC,person_1166,card_4477,46
CityD,person_1167,card_3820,95
CityA,person_1168,card_766,24
CityD,person_1169,card_1142,76
CityC,person_1170,card_1032,33
CityD,person_1171,card_3519,80
CityB,person_1172,card_212,6
CityA,person_1173,card_4334,97
CityD,person_1174,card_2462,90
CityD,person_1175,card_3182,19
CityA,person_1176,card_1682,5
CityA,person_1177,card_2446,67
CityA,person_1178,card_3644,92
CityA,person_1179,card_3639,99
CityB,person_1180,card_688,91
CityC,person_1181,card_2802,99
CityA,person_1182,card_2283,61
CityD,person_1183,card_3353,8
CityD,person_1184,card_4914,34
CityC,person_1185,card_2342,71
CityC,person_1186,card_4447,42
CityA,person_1187,card_1055,8
CityD,person_1188,card_2398,90
CityD,person_1189,card_2022,84
CityC,person_1190,card_811,52
CityA,person_1191,card_2925,69
CityA,person_1192,card_4994,18
CityD,person_1193,card_1750,77
CityC,person_1194,card_2739,33
CityD,person_1195,card_1396,95
CityA,person_1196,card_3706,51
CityB,person_1197,card_3448,11
CityB,person_1198,card_1979,4
CityD,person_1199,card_3034,45
CityC,person_1200,card_229,71
CityA,person_1201,card_1206,12
CityA,person_1202,card_1159,98
CityD,person_1203,card_987,25
CityD,person_1204,card_2761,100
CityC,person_1205,card_1698,71
CityB,person_1206,card_966,61
CityD,person_1207,card_3924,12
CityD,person_1208,card_3718,68
CityA,person_1209,card_3131,54
CityC,person_1210,card_2005,76
CityD,person_1211,card_701,48
CityB,person_1212,card_486,73
CityC,person_1213,card_421,2
CityA,person_1214,card_1746,89
CityB,person_1215,card_509,95
CityA,person_1216,card_3178,26
CityB,person_1217,card_1341,59
CityB,person_1218,card_4888,2
CityB,person_1219,card_3003,100
CityB,person_1220,card_4222,43
CityC,person_1221,card_1152,49
CityC,person_1222,card_477,5
CityD,person_1223,card_2918,45
CityA,person_1224,card_2631,57
CityB,person_1225,card_3113,80
CityC,person_1226,card_4832,74
CityD,person_1227,card_1770,60
CityD,person_1228,card_3016,66
CityD,person_1229,card_3308,60
CityA,person_1230,card_3649,27
CityC,person_1231,card_1721,22
CityB,person_1232,card_4206,97
CityD,person_1233,card_3364,70
CityB,person_1234,card_4793,89
CityB,person_1235,card_4763,6
CityA,person_1236,card_4302,62
CityC,person_1237,card_3649,87
CityC,person_1238,card_1650,70
CityD,person_1239,card_3234,93
CityB,person_1240,card_1322,47
CityA,person_1241,card_4509,5
CityC,person_1242,card_4522,43
CityC,person_1243,card_1415,77
CityD,person_1244,card_2663,55
CityA,person_1245,card_2494,55
CityD,person_1246,card_908,28
CityB,person_1247,card_853,35
CityB,person_1248,card_1107,88
CityB,person_1249,card_3022,62
CityC,person_1250,card_1087,94
CityB,person_1251,card_1530,92
CityB,person_1252,card_3456,66
CityD,person_1253,card_681,73
CityD,person_1254,card_2198,92
CityC,person_1255,card_1769,8
CityC,person_1256,card_4399,85
CityC,person_1257,card_2721,19
CityD,person_1258,card_1286,82
CityC,person_1259,card_947,11
CityD,person_1260,card_3842,60
CityC,person_1261,card_3866,60
CityC,person_1262,card_306,65
CityB,person_1263,card_780,30
CityC,person_1264,card_963,74
CityC,person_1265,card_1881,89
CityB,person_1266,card_910,60
CityB,person_1267,card_2626,43
CityC,person_1268,card_2395,64
CityC,person_1269,card_1032,27
CityD,person_1270,card_2857,60
CityD,person_1271,card_24,94
CityA,person_1272,card_3807,44
CityA,person_1273,card_3403,95
CityB,person_1274,card_2626,78
CityD,person_1275,card_2931,47
CityD,person_1276,card_729,12
CityA,person_1277,card_447,43
CityC,person_1278,card_1170,3
CityA,person_1279,card_528,39
CityC,person_1280,card_3058,5
CityA,person_1281,card_3402,25
CityD,person_1282,card_4943,24
CityB,person_1283,card_2801,26
CityA,person_1284,card_4137,70
CityB,person_1285,card_3470,60
CityC,person_1286,card_4522,85
CityD,person_1287,card_904,93
CityB,person_1288,card_4626,23
CityA,person_1289,card_3850,45
CityC,person_1290,card_1013,14
CityA,person_1291,card_1542,68
CityB,person_1292,card_4953,15
CityB,person_1293,card_4265,62
CityC,person_1294,card_4177,75
CityA,person_1295,card_1302,18
CityC,person_1296,card_4472,60
CityB,person_1297,card_3834,41
CityA,person_1298,card_297,42
CityB,person_1299,card_2425,41
CityB,person_1300,card_3923,97
CityA,person_1301,card_3140,42
CityA,person_1302,card_4951,83
CityD,person_1303,card_923,73
CityB,person_1304,card_116,31
CityD,person_1305,card_2622,62
CityA,person_1306,card_3688,58
CityD,person_1307,card_349,88
CityC,person_1308,card_3088,48
CityD,person_1309,card_3213,92
CityB,person_1310,card_1695,76
CityC,person_1311,card_90,66
CityB,person_1312,card_687,21
CityD,person_1313,card_287,72
CityA,person_1314,card_2182,75
CityD,person_1315,card_890,71
CityB,person_1316,card_3476,78
CityC,person_1317,card_3594,72
CityA,person_1318,card_1836,1
CityC,person_1319,card_933,47
CityC,person_1320,card_3473,33
CityB,person_1321,card_3058,82
CityB,person_1322,card_2888,50
CityA,person_1323,card_2040,12
CityC,person_1324,card_4969,21
CityC,person_1325,card_3745,24
CityB,person_1326,card_1230,97
CityD,person_1327,card_2607,91
CityD,person_1328,card_4674,27
CityA,person_1329,card_4782,91
CityA,person_1330,card_2706,4
CityC,person_1331,card_3469,43
CityC,person_1332,card_421,61
CityD,person_1333,card_4265,57
CityA,person_1334,card_4916,17
CityA,person_1335,card_4014,58
CityB,person_1336,card_3593,39
CityD,person_1337,card_3128,85
CityA,person_1338,card_1052,48
CityA,person_1339,card_3452,5
CityA,person_1340,card_738,1
CityB,person_1341,card_1191,96
CityC,person_1342,card_2394,83
CityB,person_1343,card_2064,56
CityA,person_1344,card_577,65
CityB,person_1345,card_778,56
CityB,person_1346,card_1991,17
CityD,person_1347,card_2063,9
CityA,person_1348,card_4239,43
CityB,person_1349,card_1316,93
CityB,person_1350,card_305,26
CityD,person_1351,card_3115,15
CityB,person_1352,card_2969,90
CityD,person_1353,card_1121,58
CityB,person_1354,card_272,74
CityA,person_1355,card_3811,10
CityC,person_1356,card_3896,48
CityB,person_1357,card_2706,60
CityA,person_1358,card_2038,62
CityC,person_1359,card_1497,84
CityD,person_1360,card_1208,97
CityA,person_1361,card_3777,41
CityA,person_1362,card_1768,67
CityD,person_1363,card_3334,34
CityA,person_1364,card_2419,57
CityC,person_1365,card_1962,65
CityA,person_1366,card_1853,20
CityC,person_1367,card_4630,80
CityA,person_1368,card_112,43
CityC,person_1369,card_2765,33
CityC,person_1370,card_1815,99
CityA,person_1371,card_3014,83
CityC,person_1372,card_422,84
CityD,person_1373,card_4777,43
CityB,person_1374,card_2374,54
CityA,person_1375,card_794,16
CityC,person_1376,card_2523,15
CityB,person_1377,card_1963,54
CityC,person_1378,card_2257,69
CityD,person_1379,card_2408,30
CityC,person_1380,card_177,60
CityB,person_1381,card_3929,44
CityD,person_1382,card_4964,78
CityB,person_1383,card_1136,84
CityB,person_1384,card_4522,30
CityD,person_1385,card_4066,55
CityA,person_1386,card_3494,61
CityA,person_1387,card_1876,35
CityD,person_1388,card_4871,3
CityA,person_1389,card_3471,59
CityA,person_1390,card_3659,59
CityD,person_1391,card_1910,63
CityA,person_1392,card_4954,52
CityA,person_1393,card_3910,27
CityB,person_1394,card_2231,78
CityC,person_1395,card_4592,72
CityB,person_1396,card_2861,51
CityC,person_1397,card_4161,26
CityC,person_1398,card_4246,28
CityC,person_1399,card_4370,68
CityD,person_1400,card_650,39
CityD,person_1401,card_1091,26
CityA,person_1402,card_4795,4
CityC,person_1403,card_784,72
CityD,person_1404,card_1548,8
CityB,person_1405,card_1652,95
CityA,person_1406,card_886,2
CityC,person_1407,card_2106,1
CityA,person_1408,card_1114,60
CityD,person_1409,card_231,83
CityA,person_1410,card_3279,26
CityD,person_1411,card_978,51
CityA,person_1412,card_1548,81
CityA,person_1413,card_2952,2
CityD,person_1414,card_985,19
CityB,person_1415,card_1475,35
CityC,person_1416,card_1452,10
CityA,person_1417,card_4513,60
CityA,person_1418,card_2738,7
CityD,person_1419,card_2006,77
CityD,person_1420,card_3544,14
CityC,person_1421,card_3564,13
CityD,person_1422,card_1880,23
CityD,person_1423,card_2188,85
CityA,person_1424,card_287,93
CityC,person_1425,card_2149,63
CityA,person_1426,card_3970,24
CityB,person_1427,card_1459,55
CityC,person_1428,card_1409,80
CityC,person_1429,card_407,13
CityC,person_1430,card_3522,16
CityA,person_1431,card_1169,79
CityD,person_1432,card_1498,6
CityA,person_1433,card_1435,91
CityB,person_1434,card_2869,26
CityC,person_1435,card_690,64
CityB,person_1436,card_2695,3
CityA,person_1437,card_2542,44
CityD,person_1438,card_797,93
CityD,person_1439,card_4660,5
CityA,person_1440,card_1242,92
CityB,person_1441,card_90,43
CityA,person_1442,card_3216,92
CityC,person_1443,card_4640,35
CityA,person_1444,card_251,99
CityB,person_1445,card_1338,91
CityC,person_1446,card_2100,53
CityD,person_1447,card_2894,85
CityA,person_1448,card_1432,79
CityC,person_1449,card_1941,18
CityA,person_1450,card_3932,65
CityD,person_1451,card_757,71
CityC,person_1452,card_2849,57
CityB,person_1453,card_2110,49
CityC,person_1454,card_4227,8
CityC,person_1455,card_3955,27
CityB,person_1456,card_4010,20
CityA,person_1457,card_39,86
CityB,person_1458,card_1968,19
CityC,person_1459,card_4374,58
CityA,person_1460,card_564,13
CityA,person_1461,card_4344,75
CityC,person_1462,card_3287,60
CityB,person_1463,card_363,60
CityD,person_1464,card_870,52
CityC,person_1465,card_2768,63
CityA,person_1466,card_3246,8
CityC,person_1467,card_961,28
CityD,person_1468,card_2971,41
CityA,person_1469,card_2305,56
CityD,person_1470,card_1120,20
CityA,person_1471,card_3571,90
CityB,person_1472,card_929,44
CityB,person_1473,card_3630,23
CityC,person_1474,card_483,31
CityC,person_1475,card_1777,21
CityC,person_1476,card_151,89
CityC,person_1477,card_402,52
CityB,person_1478,card_2784,70
CityC,person_1479,card_2584,2
CityC,person_1480,card_320,55
CityA,person_1481,card_3244,29
CityA,person_1482,card_1868,55
CityB,person_1483,card_4469,99
CityC,person_1484,card_1435,49
CityA,person_1485,card_2529,18
CityD,person_1486,card_1127,68
CityC,person_1487,card_264,90
CityA,person_1488,card_3841,61
CityB,person_1489,card_1842,57
CityC,person_1490,card_4708,25
CityB,person_1491,card_1798,28
CityA,person_1492,card_2057,44
CityA,person_1493,card_1411,98
CityB,person_1494,card_842,91
CityD,person_1495,card_2967,27
CityA,person_1496,card_2951,32
CityC,person_1497,card_2552,96
CityA,person_1498,card_1641,15
CityD,person_1499,card_4310,92
CityD,person_1500,card_2783,60
CityB,person_1501,card_1187,54
CityB,person_1502,card_4051,70
CityB,person_1503,card_4586,33
CityB,person_1504,card_2931,51
CityB,person_1505,card_3028,18
CityC,person_1506,card_3583,75
CityC,person_1507,card_2149,2
CityC,person_1508,card_1775,6
CityC,person_1509,card_3499,64
CityC,person_1510,card_1470,3
CityD,person_1511,card_120,68
CityD,person_1512,card_2872,6
CityB,person_1513,card_2811,34
CityB,person_1514,card_489,88
CityD,person_1515,card_3771,43
CityC,person_1516,card_3492,85
CityB,person_1517,card_636,71
CityC,person_1518,card_4814,46
CityC,person_1519,card_1121,36
CityB,person_1520,card_3799,2
CityD,person_1521,card_1792,4
CityA,person_1522,card_3837,51
CityB,person_1523,card_347,87
CityD,person_1524,card_3237,80
CityC,person_1525,card_2717,13
CityB,person_1526,card_1686,54
CityB,person_1527,card_2876,98
CityD,person_1528,card_2237,66
CityC,person_1529,card_1974,86
CityD,person_1530,card_4709,93
CityA,person_1531,card_835,72
CityB,person_1532,card_317,41
CityC,person_1533,card_268,65
CityD,person_1534,card_4249,91
CityD,person_1535,card_1845,51
CityC,person_1536,card_487,40
CityA,person_1537,card_3436,1
CityC,person_1538,card_3434,48
CityA,person_1539,card_2685,30
CityD,person_1540,card_4095,80
CityA,person_1541,card_1137,73
CityC,person_1542,card_4086,5
CityB,person_1543,card_4057,7
CityC,person_1544,card_1079,47
CityA,person_1545,card_3094,1
CityD,person_1546,card_620,7
CityB,person_1547,card_957,53
CityA,person_1548,card_4078,49
CityB,person_1549,card_177,30
CityB,person_1550,card_935,15
CityA,person_1551,card_3425,44
CityB,person_1552,card_1906,86
CityC,person_1553,card_3813,69
CityA,person_1554,card_390,90
CityB,person_1555,card_1513,43
CityB,person_1556,card_4494,94
CityC,person_1557,card_1745,54
CityB,person_1558,card_2358,6
CityA,person_1559,card_1083,67
CityA,person_1560,card_4575,47
CityA,person_1561,card_4999,18
CityA,person_1562,card_3713,56
CityB,person_1563,card_1477,66
CityA,person_1564,card_2839,85
CityD,person_1565,card_4776,57
CityC,person_1566,card_4936,89
CityA,person_1567,card_2013,89
CityA,person_1568,card_2068,61
CityB,person_1569,card_2180,95
CityC,person_1570,card_4698,29
CityA,person_1571,card_1018,15
CityD,person_1572,card_2645,91
CityB,person_1573,card_3007,12
CityB,person_1574,card_561,45
CityB,person_1575,card_4106,29
CityD,person_1576,card_851,73
CityB,person_1577,card_4214,86
CityD,person_1578,card_3900,54
CityC,person_1579,card_138,98
CityB,person_1580,card_2107,18
CityB,person_1581,card_1342,86
CityB,person_1582,card_1742,26
CityD,person_1583,card_4861,68
CityB,person_1584,card_4531,37
CityB,person_1585,card_3800,97
CityD,person_1586,card_738,76
CityA,person_1587,card_214,100
CityA,person_1588,card_3968,71
CityA,person_1589,card_4019,20
CityB,person_1590,card_2361,55
CityC,person_1591,card_4984,76
CityD,person_1592,card_3956,14
CityC,person_1593,card_494,92
CityD,person_1594,card_2346,54
CityC,person_1595,card_4808,13
CityD,person_1596,card_3406,4
CityC,person_1597,card_4776,24
CityA,person_1598,card_436,86
CityC,person_1599,card_3037,91
CityC,person_1600,card_746,44
CityD,person_1601,card_1487,34
CityC,person_1602,card_3056,25
CityC,person_1603,card_1785,32
CityD,person_1604,card_4625,57
CityB,person_1605,card_2703,8
CityD,person_1606,card_4831,2
CityC,person_1607,card_4374,20
CityC,person_1608,card_2508,94
CityC,person_1609,card_2785,20
CityA,person_1610,card_4112,98
CityB,person_1611,card_503,49
CityD,person_1612,card_109,66
CityC,person_1613,card_3618,35
CityD,person_1614,card_3324,47
CityD,person_1615,card_2893,27
CityD,person_1616,card_3679,28
CityC,person_1617,card_659,69
CityC,person_1618,card_3922,39
CityB,person_1619,card_4424,29
CityC,person_1620,card_4942,83
CityD,person_1621,card_298,93
CityC,person_1622,card_2189,20
CityA,person_1623,card_1357,16
CityA,person_1624,card_839,85
CityA,person_1625,card_2586,72
CityD,person_1626,card_1327,21
CityD,person_1627,card_1312,58
CityB,person_1628,card_4496,37
CityD,person_1629,card_438,5
CityD,person_1630,card_4059,19
CityB,person_1631,card_4481,2
CityB,person_1632,card_4279,8
CityD,person_1633,card_3785,73
CityA,person_1634,card_3394,40
CityC,person_1635,card_3968,39
CityD,person_1636,card_4167,23
CityB,person_1637,card_4772,77
CityD,person_1638,card_3553,84
CityB,person_1639,card_3768,20
CityA,person_1640,card_4517,4
CityC,person_1641,card_3879,86
CityA,person_1642,card_3280,90
CityC,person_1643,card_1833,47
CityA,person_1644,card_3343,14
CityC,person_1645,card_1689,28
CityD,person_1646,card_2045,94
CityC,person_1647,card_3478,74
CityC,person_1648,card_1139,62
CityD,person_1649,card_1963,10
CityB,person_1650,card_4620,93
CityC,person_1651,card_273,97
CityB,person_1652,card_4544,25
CityB,person_1653,card_200,31
CityA,person_1654,card_1940,80
CityC,person_1655,card_537,37
CityD,person_1656,card_2341,3
CityD,person_1657,card_4447,41
CityB,person_1658,card_1937,40
CityD,person_1659,card_1496,28
CityB,person_1660,card_2249,5
CityA,person_1661,card_4778,99
CityA,person_1662,card_1449,85
CityC,person_1663,card_4046,30
CityC,person_1664,card_709,2
CityA,person_1665,card_2432,72
CityD,person_1666,card_3049,91
CityB,person_1667,card_4682,78
CityD,person_1668,card_1424,15
CityB,person_1669,card_2357,48
CityA,person_1670,card_2100,3
CityD,person_1671,card_321,85
CityD,person_1672,card_2374,64
CityD,person_1673,card_4366,80
CityD,person_1674,card_3998,24
CityD,person_1675,card_1094,2
CityA,person_1676,card_3135,15
CityC,person_1677,card_3388,18
CityB,person_1678,card_1142,91
CityA,person_1679,card_2685,64
CityB,person_1680,card_4866,78
CityB,person_1681,card_2722,81
CityB,person_1682,card_422,49
CityD,person_1683,card_4821,82
CityD,person_1684,card_3839,4
CityB,person_1685,card_4691,76
CityA,person_1686,card_1456,30
CityA,person_1687,card_4853,100
CityA,person_1688,card_1056,65
CityB,person_1689,card_2807,26
CityB,person_1690,card_4192,10
CityB,person_1691,card_4180,19
CityD,person_1692,card_1806,87
CityA,person_1693,card_4813,81
CityA,person_1694,card_3041,89
CityD,person_1695,card_971,80
CityA,person_1696,card_715,36
CityB,person_1697,card_1125,2
CityB,person_1698,card_2628,79
CityD,person_1699,card_1748,98
CityB,person_1700,card_2838,43
CityC,person_1701,card_1524,24
CityA,person_1702,card_2163,37
CityC,person_1703,card_1870,43
CityC,person_1704,card_4470,81
CityA,person_1705,card_639,52
CityB,person_1706,card_4329,98
CityC,person_1707,card_1271,69
CityA,person_1708,card_3702,69
CityA,person_1709,card_4584,33
CityC,person_1710,card_1412,54
CityB,person_1711,card_2699,6
CityB,person_1712,card_4354,58
CityD,person_1713,card_3341,25
CityB,person_1714,card_2352,100
CityA,person_1715,card_1487,27
CityB,person_1716,card_3614,33
CityA,person_1717,card_573,1
CityD,person_1718,card_1780,70
CityA,person_1719,card_204,4
CityD,person_1720,card_629,65
CityB,person_1721,card_4495,51
CityC,person_1722,card_921,74
CityD,person_1723,card_4521,49
CityC,person_1724,card_401,7
CityA,person_1725,card_1337,11
CityD,person_1726,card_2654,80
CityB,person_1727,card_3316,5
CityD,person_1728,card_4657,91
CityD,person_1729,card_3347,61
CityB,person_1730,card_4280,74
CityB,person_1731,card_414,67
CityA,person_1732,card_1298,22
CityC,person_1733,card_405,74
CityB,person_1734,card_1424,37
CityA,person_1735,card_2017,45
CityC,person_1736,card_2383,96
CityD,person_1737,card_4266,95
CityA,person_1738,card_1488,94
CityC,person_1739,card_4715,16
CityB,person_1740,card_2843,78
CityD,person_1741,card_2214,56
CityD,person_1742,card_4482,54
CityC,person_1743,card_217,89
CityC,person_1744,card_763,79
CityA,person_1745,card_4915,41
CityA,person_1746,card_1578,9
CityD,person_1747,card_1173,29
CityB,person_1748,card_530,1
CityC,person_1749,card_843,70
CityC,person_1750,card_4128,15
CityD,person_1751,card_4360,79
CityD,person_1752,card_2027,70
CityC,person_1753,card_1506,67
CityA,person_1754,card_709,19
CityC,person_1755,card_2516,26
CityB,person_1756,card_4114,93
CityC,person_1757,card_420,81
CityC,person_1758,card_3694,59
CityB,person_1759,card_4032,83
CityC,person_1760,card_1636,63
CityA,person_1761,card_1017,97
CityB,person_1762,card_3092,64
CityD,person_1763,card_282,92
CityC,person_1764,card_1541,70
CityD,person_1765,card_632,61
CityC,person_1766,card_2801,13
CityD,person_1767,card_3692,32
CityB,person_1768,card_4610,6
CityA,person_1769,card_685,74
CityB,person_1770,card_1854,54
CityA,person_1771,card_3994,32
CityD,person_1772,card_1947,1
CityC,person_1773,card_4261,29
CityD,person_1774,card_3369,53
CityD,person_1775,card_2228,72
CityA,person_1776,card_3980,92
CityC,person_1777,card_4112,60
CityA,person_1778,card_3654,27
CityB,person_1779,card_1841,15
CityB,person_1780,card_1061,23
CityB,person_1781,card_2071,43
CityA,person_1782,card_2453,51
CityD,person_1783,card_3918,74
CityA,person_1784,card_4068,15
CityB,person_1785,card_2384,92
CityD,person_1786,card_4061,11
CityD,person_1787,card_3991,15
CityC,person_1788,card_226,58
CityC,person_1789,card_517,90
CityC,person_1790,card_533,5
CityD,person_1791,card_2116,6
CityC,person_1792,card_3606,24
CityC,person_1793,card_3955,1
CityA,person_1794,card_4105,40
CityA,person_1795,card_4032,83
CityC,person_1796,card_1090,83
CityC,person_1797,card_3507,77
CityA,person_1798,card_84,53
CityB,person_1799,card_107,91
CityB,person_1800,card_506,15
CityD,person_1801,card_4395,8
CityD,person_1802,card_3925,69
CityB,person_1803,card_2612,55
CityA,person_1804,card_281,16
CityA,person_1805,card_1629,34
CityD,person_1806,card_4329,37
CityC,person_1807,card_2521,8
CityD,person_1808,card_3053,12
CityC,person_1809,card_4083,62
CityC,person_1810,card_598,66
CityA,person_1811,card_313,16
CityD,person_1812,card_2158,70
CityA,person_1813,card_2070,28
CityC,person_1814,card_4698,84
CityC,person_1815,card_3169,55
CityC,person_1816,card_835,56
CityA,person_1817,card_2615,97
CityA,person_1818,card_4602,35
CityB,person_1819,card_4640,47
CityA,person_1820,card_4620,91
CityC,person_1821,card_1556,6
CityB,person_1822,card_1823,65
CityA,person_1823,card_1883,21
CityB,person_1824,card_4955,32
CityA,person_1825,card_1582,86
CityD,person_1826,card_4547,12
CityD,person_1827,card_4864,78
CityB,person_1828,card_1206,19
CityD,person_1829,card_3863,7
CityB,person_1830,card_998,11
CityC,person_1831,card_1554,75
CityD,person_1832,card_4537,4
CityC,person_1833,card_408,70
CityC,person_1834,card_664,98
CityB,person_1835,card_3349,83
CityA,person_1836,card_2411,58
CityD,person_1837,card_4679,98
CityD,person_1838,card_4666,90
CityB,person_1839,card_893,92
CityC,person_1840,card_2298,12
CityB,person_1841,card_879,6
CityC,person_1842,card_2345,89
CityA,person_1843,card_3356,4
CityB,person_1844,card_1623,48
CityB,person_1845,card_2384,7
CityA,person_1846,card_4066,73
CityD,person_1847,card_958,16
CityD,person_1848,card_4932,65
CityB,person_1849,card_2982,42
CityB,person_1850,card_3997,59
CityA,person_1851,card_955,25
CityC,person_1852,card_4290,24
CityB,person_1853,card_2959,14
CityD,person_1854,card_2030,54
CityB,person_1855,card_1844,73
CityC,person_1856,card_128,48
CityA,person_1857,card_349,27
CityD,person_1858,card_4660,100
CityB,person_1859,card_3795,56
CityB,person_1860,card_4104,93
CityC,person_1861,card_550,77
CityC,person_1862,card_4490,34
CityC,person_1863,card_2403,89
CityA,person_1864,card_3507,70
CityD,person_1865,card_3303,32
CityC,person_1866,card_1322,50
CityB,person_1867,card_594,28
CityD,person_1868,card_373,3
CityD,person_1869,card_4744,18
CityA,person_1870,card_1432,44
CityC,person_1871,card_672,96
CityA,person_1872,card_4016,45
CityC,person_1873,card_1136,59
CityA,person_1874,card_1159,13
CityA,person_1875,card_4228,94
CityB,person_1876,card_2800,53
CityB,person_1877,card_2900,68
CityA,person_1878,card_1423,84
CityB,person_1879,card_642,33
CityA,person_1880,card_3533,37
CityB,person_1881,card_1337,31
CityC,person_1882,card_2128,91
CityB,person_1883,card_4950,26
CityC,person_1884,card_214,70
CityA,person_1885,card_1393,18
CityB,person_1886,card_955,47
CityC,person_1887,card_2047,78
CityB,person_1888,card_1935,32
CityB,person_1889,card_2545,88
CityA,person_1890,card_358,6
CityB,person_1891,card_3715,49
CityA,person_1892,card_4120,2
CityD,person_1893,card_1876,9
CityA,person_1894,card_2003,40
CityD,person_1895,card_2930,77
CityB,person_1896,card_4359,86
CityC,person_1897,card_2111,16
CityB,person_1898,card_96,69
CityB,person_1899,card_475,16
CityB,person_1900,card_4044,61
CityD,person_1901,card_1806,73
CityB,person_1902,card_1962,95
CityC,person_1903,card_4444,23
CityA,person_1904,card_21,22
CityC,person_1905,card_3487,51
CityB,person_1906,card_1434,61
CityC,person_1907,card_4676,14
CityC,person_1908,card_4175,63
CityC,person_1909,card_1445,5
CityB,person_1910,card_1144,86
CityC,person_1911,card_349,42
CityD,person_1912,card_870,52
CityA,person_1913,card_1245,19
CityB,person_1914,card_4611,98
CityC,person_1915,card_3135,1
CityD,person_1916,card_4351,50
CityC,person_1917,card_1112,98
CityC,person_1918,card_2727,42
CityD,person_1919,card_4207,48
CityB,person_1920,card_4534,40
CityC,person_1921,card_1951,20
CityA,person_1922,card_2872,17
CityD,person_1923,card_1831,39
CityB,person_1924,card_2101,8
CityD,person_1925,card_4144,76
CityB,person_1926,card_2191,31
CityA,person_1927,card_2578,100
CityA,person_1928,card_184,77
CityD,person_1929,card_1322,6
CityD,person_1930,card_1776,13
CityD,person_1931,card_4585,2
CityC,person_1932,card_929,10
CityB,person_1933,card_2592,76
CityB,person_1934,card_694,21
CityB,person_1935,card_1710,6
CityD,person_1936,card_3660,52
CityC,person_1937,card_2649,65
CityB,person_1938,card_4291,32
CityD,person_1939,card_4421,41
CityA,person_1940,card_4696,46
CityC,person_1941,card_2560,20
CityC,person_1942,card_376,88
CityB,person_1943,card_4097,40
CityA,person_1944,card_253,3
CityA,person_1945,card_1882,34
CityD,person_1946,card_2630,75
CityC,person_1947,card_1598,80
CityB,person_1948,card_3827,36
CityD,person_1949,card_2534,38
CityA,person_1950,card_4186,6
CityD,person_1951,card_700,98
CityD,person_1952,card_659,85
CityA,person_1953,card_2945,88
CityB,person_1954,card_1763,28
CityC,person_1955,card_4114,51
CityA,person_1956,card_843,40
CityA,person_1957,card_3538,10
CityA,person_1958,card_1757,29
CityB,person_1959,card_120,57
CityC,person_1960,card_132,17
CityB,person_1961,card_1742,54
CityB,person_1962,card_242,64
CityB,person_1963,card_4728,9
CityA,person_1964,card_735,58
CityB,person_1965,card_2761,52
CityC,person_1966,card_1879,75
CityD,person_1967,card_2902,44
CityC,person_1968,card_4600,46
CityD,person_1969,card_2616,32
CityD,person_1970,card_4226,50
CityA,person_1971,card_2738,47
CityD,person_1972,card_2908,38
CityB,person_1973,card_2135,22
CityC,person_1974,card_4969,46
CityA,person_1975,card_4387,5
CityC,person_1976,card_1669,62
CityD,person_1977,card_1692,75
CityB,person_1978,card_4739,16
CityB,person_1979,card_3626,31
CityC,person_1980,card_4641,95
CityC,person_1981,card_2987,80
CityA,person_1982,card_4464,52
CityB,person_1983,card_796,87
CityD,person_1984,card_4906,19
CityC,person_1985,card_1917,97
CityA,person_1986,card_2283,82
CityA,person_1987,card_4438,1
CityD,person_1988,card_3185,8
CityB,person_1989,card_2761,98
CityC,person_1990,card_3666,38
CityC,person_1991,card_4406,87
CityA,person_1992,card_2197,1
CityB,person_1993,card_4862,54
CityD,person_1994,card_4499,35
CityA,person_1995,card_2718,40
CityA,person_1996,card_3884,75
CityA,person_1997,card_2932,81
CityB,person_1998,card_2422,99
CityA,person_1999,card_1457,17
CityC,person_2000,card_1441,37
CityC,person_2001,card_751,79
CityD,person_2002,card_4256,20
CityD,person_2003,card_189,92
CityC,person_2004,card_1369,4
CityB,person_2005,card_2754,63
CityA,person_2006,card_3222,58
CityC,person_2007,card_849,2
CityB,person_2008,card_1784,57
CityA,person_2009,card_213,20
CityD,person_2010,card_4404,34
CityC,person_2011,card_537,28
CityC,person_2012,card_4443,35
CityB,person_2013,card_2037,43
CityD,person_2014,card_2001,79
CityD,person_2015,card_778,22
CityA,person_2016,card_725,31
CityA,person_2017,card_2477,8
CityC,person_2018,card_1585,49
CityA,person_2019,card_62,96
CityC,person_2020,card_2541,87
CityB,person_2021,card_4720,53
CityC,person_2022,card_779,91
CityC,person_2023,card_842,20
CityB,person_2024,card_3453,98
CityD,person_2025,card_2037,13
CityB,person_2026,card_2635,41
CityC,person_2027,card_4565,33
CityA,person_2028,card_911,71
CityD,person_2029,card_4107,100
CityC,person_2030,card_3277,93
CityA,person_2031,card_3267,38
CityA,person_2032,card_2765,74
CityD,person_2033,card_3217,22
CityB,person_2034,card_4489,20
CityA,person_2035,card_971,77
CityD,person_2036,card_1849,60
CityB,person_2037,card_2792,18
CityA,person_2038,card_2798,36
CityB,person_2039,card_2887,22
CityB,person_2040,card_4870,35
CityB,person_2041,card_3387,13
CityC,person_2042,card_2436,55
CityD,person_2043,card_2396,100
CityC,person_2044,card_3778,31
CityA,person_2045,card_4921,72
CityC,person_2046,card_3918,35
CityA,person_2047,card_2687,13
CityB,person_2048,card_196,100
CityB,person_2049,card_4951,11
CityA,person_2050,card_2606,30
CityC,person_2051,card_497,79
CityB,person_2052,card_2127,73
CityC,person_2053,card_1364,18
CityD,person_2054,card_3793,36
CityC,person_2055,card_1698,52
CityA,person_2056,card_2509,10
CityD,person_2057,card_863,2
CityA,person_2058,card_2073,8
CityB,person_2059,card_2911,80
CityC,person_2060,card_4099,6
CityC,person_2061,card_384,47
CityA,person_2062,card_4789,94
CityD,person_2063,card_3506,86
CityC,person_2064,card_1953,97
CityB,person_2065,card_1607,32
CityC,person_2066,card_317,79
CityD,person_2067,card_3707,18
CityD,person_2068,card_4948,54
CityD,person_2069,card_801,18
CityC,person_2070,card_3962,48
CityA,person_2071,card_4041,36
CityD,person_2072,card_1935,47
CityB,person_2073,card_108,8
CityB,person_2074,card_3363,69
CityB,person_2075,card_2580,55
CityC,person_2076,card_4936,34
CityD,person_2077,card_4062,41
CityB,person_2078,card_214,47
CityD,person_2079,card_1570,37
CityA,person_2080,card_3550,89
CityB,person_2081,card_2454,72
CityC,person_2082,card_1487,12
CityD,person_2083,card_3403,71
CityB,person_2084,card_662,5
CityA,person_2085,card_2964,40
CityA,person_2086,card_2002,36
CityD,person_2087,card_1792,84
CityC,person_2088,card_1238,51
CityD,person_2089,card_3338,26
CityB,person_2090,card_2026,70
CityB,person_2091,card_3421,7
CityD,person_2092,card_3629,98
CityB,person_2093,card_1472,51
CityC,person_2094,card_2110,30
CityA,person_2095,card_794,75
CityD,person_2096,card_4834,7
CityA,person_2097,card_2170,80
CityC,person_2098,card_1009,93
CityC,person_2099,card_1752,75
CityD,person_2100,card_718,56
CityD,person_2101,card_3574,85
CityC,person_2102,card_1324,63
CityB,person_2103,card_4534,66
CityB,person_2104,card_4966,77
CityA,person_2105,card_3575,66
CityD,person_2106,card_470,90
CityA,person_2107,card_1617,45
CityA,person_2108,card_4652,29
CityC,person_2109,card_2573,62
CityD,person_2110,card_4407,11
CityC,person_2111,card_3280,96
CityD,person_2112,card_914,61
CityD,person_2113,card_2657,8
CityA,person_2114,card_1604,78
CityA,person_2115,card_1595,98
CityD,person_2116,card_3821,41
CityC,person_2117,card_4742,40
CityA,person_2118,card_4783,56
CityD,person_2119,card_3016,18
CityB,person_2120,card_1967,6
CityB,person_2121,card_3968,81
CityC,person_2122,card_4737,41
CityD,person_2123,card_2673,38
CityB,person_2124,card_1900,8
CityD,person_2125,card_3767,8
CityC,person_2126,card_4568,48
CityA,person_2127,card_2079,67
CityA,person_2128,card_1777,16
CityD,person_2129,card_2802,70
CityC,person_2130,card_4309,79
CityB,person_2131,card_2374,29
CityA,person_2132,card_91,7
CityB,person_2133,card_2142,13
CityB,person_2134,card_2546,31
CityA,person_2135,card_4878,84
CityC,person_2136,card_956,23
CityD,person_2137,card_1235,76
CityD,person_2138,card_96,86
CityA,person_2139,card_306,88
CityB,person_2140,card_727,54
CityD,person_2141,card_1085,89
CityB,person_2142,card_1196,88
CityC,person_2143,card_2066,12
CityA,person_2144,card_1373,62
CityA,person_2145,card_3225,29
CityD,person_2146,card_3587,1
CityA,person_2147,card_2663,100
CityC,person_2148,card_2926,19
CityB,person_2149,card_4407,77
CityC,person_2150,card_1666,53
CityD,person_2151,card_3997,66
CityA,person_2152,card_236,28
CityB,person_2153,card_2235,31
CityD,person_2154,card_4313,42
CityD,person_2155,card_1811,10
CityD,person_2156,card_96,76
CityB,person_2157,card_1504,13
CityA,person_2158,card_4702,65
CityB,person_2159,card_417,95
CityB,person_2160,card_4491,60
CityD,person_2161,card_3104,73
CityA,person_2162,card_1584,9
CityB,person_2163,card_703,95
CityC,person_2164,card_1415,92
CityC,person_2165,card_3785,50
CityC,person_2166,card_1920,63
CityC,person_2167,card_3995,43
CityD,person_2168,card_1988,74
CityB,person_2169,card_907,88
CityD,person_2170,card_3852,68
CityB,person_2171,card_2511,52
CityB,person_2172,card_4905,85
CityD,person_2173,card_4450,31
CityD,person_2174,card_3633,100
CityD,person_2175,card_4544,14
CityD,person_2176,card_4975,41
CityB,person_2177,card_35,56
CityB,person_2178,card_196,15
CityA,person_2179,card_4316,41
CityC,person_2180,card_54,97
CityD,person_2181,card_1188,48
CityD,person_2182,card_3141,23
CityB,person_2183,card_242,50
CityC,person_2184,card_1318,40
CityB,person_2185,card_2348,10
CityA,person_2186,card_1826,11
CityC,person_2187,card_4157,11
CityD,person_2188,card_1419,63
CityC,person_2189,card_3579,12
CityD,person_2190,card_1779,74
CityA,person_2191,card_1055,78
CityB,person_2192,card_3221,24
CityC,person_2193,card_4393,65
CityA,person_2194,card_3895,41
CityB,person_2195,card_3847,51
CityA,person_2196,card_406,65
CityA,person_2197,card_3610,88
CityC,person_2198,card_13,88
CityD,person_2199,card_4731,100
CityB,person_2200,card_3010,26
CityB,person_2201,card_2228,83
CityB,person_2202,card_319,83
CityC,person_2203,card_1872,92
CityB,person_2204,card_4260,100
CityA,person_2205,card_3037,64
CityC,person_2206,card_799,39
CityC,person_2207,card_4008,71
CityA,person_2208,card_4392,37
CityB,person_2209,card_3405,41
CityA,person_2210,card_575,44
CityC,person_2211,card_473,29
CityD,person_2212,card_3102,18
CityD,person_2213,card_1,9
CityB,person_2214,card_1843,25
CityA,person_2215,card_440,43
CityA,person_2216,card_4336,7
CityA,person_2217,card_433,27
CityB,person_2218,card_3620,57
CityC,person_2219,card_2946,96
CityD,person_2220,card_1168,43
CityB,person_2221,card_600,19
CityA,person_2222,card_915,16
CityC,person_2223,card_2135,37
CityB,person_2224,card_4855,82
CityB,person_2225,card_2562,91
CityA,person_2226,card_2276,17
CityB,person_2227,card_4298,43
CityB,person_2228,card_4935,15
CityA,person_2229,card_537,77
CityD,person_2230,card_2674,63
CityC,person_2231,card_1116,6
CityA,person_2232,card_2975,91
CityD,person_2233,card_4172,64
CityB,person_2234,card_304,16
CityD,person_2235,card_270,91
CityC,person_2236,card_3768,23
CityB,person_2237,card_3453,69
CityD,person_2238,card_1162,9
CityB,person_2239,card_3307,84
CityB,person_2240,card_2,50
CityC,person_2241,card_3039,57
CityD,person_2242,card_3681,46
CityD,person_2243,card_2466,62
CityD,person_2244,card_295,10
CityC,person_2245,card_4578,42
CityA,person_2246,card_4542,91
CityA,person_2247,card_363,7
CityC,person_2248,card_3445,97
CityD,person_2249,card_233,41
CityD,person_2250,card_4921,50
CityC,person_2251,card_3609,76
CityB,person_2252,card_2229,56
CityA,person_2253,card_2531,62
CityB,person_2254,card_1774,53
CityA,person_2255,card_3134,43
CityC,person_2256,card_1058,71
CityA,person_2257,card_2889,51
CityD,person_2258,card_3392,83
CityB,person_2259,card_242,50
CityD,person_2260,card_1703,8
CityB,person_2261,card_4436,2
CityA,person_2262,card_3000,91
CityB,person_2263,card_258,27
CityB,person_2264,card_826,17
CityD,person_2265,card_1705,2
CityC,person_2266,card_1651,28
CityB,person_2267,card_485,28
CityA,person_2268,card_4812,55
CityA,person_2269,card_4498,96
CityA,person_2270,card_751,79
CityB,person_2271,card_2573,70
CityD,person_2272,card_487,47
CityC,person_2273,card_2265,4
CityB,person_2274,card_3697,11
CityC,person_2275,card_3993,86
CityA,person_2276,card_3076,22
CityB,person_2277,card_3286,33
CityD,person_2278,card_1675,92
CityA,person_2279,card_2548,15
CityD,person_2280,card_1615,99
CityB,person_2281,card_885,30
CityD,person_2282,card_1149,36
CityA,person_2283,card_4903,25
CityD,person_2284,card_4706,61
CityB,person_2285,card_4364,54
CityA,person_2286,card_1709,62
CityC,person_2287,card_1200,39
CityB,person_2288,card_971,19
CityA,person_2289,card_3884,38
CityA,person_2290,card_2685,14
CityB,person_2291,card_582,18
CityA,person_2292,card_3454,7
CityA,person_2293,card_4416,91
CityB,person_2294,card_1766,52
CityD,person_2295,card_2782,86
CityD,person_2296,card_4546,9
CityC,person_2297,card_828,58
CityD,person_2298,card_623,80
CityD,person_2299,card_4476,93
CityA,person_2300,card_4599,25
CityA,person_2301,card_3579,9
CityC,person_2302,card_1779,32
CityA,person_2303,card_1962,23
CityA,person_2304,card_2608,50
CityC,person_2305,card_970,58
CityA,person_2306,card_1181,97
CityD,person_2307,card_434,42
CityA,person_2308,card_4756,97
CityA,person_2309,card_626,57
CityD,person_2310,card_3554,80
CityA,person_2311,card_470,24
CityD,person_2312,card_321,43
CityB,person_2313,card_3329,95
CityC,person_2314,card_1261,9
CityB,person_2315,card_3809,40
CityC,person_2316,card_3493,86
CityD,person_2317,card_1145,7
CityA,person_2318,card_3561,55
CityA,person_2319,card_4093,14
CityC,person_2320,card_2631,54
CityC,person_2321,card_3647,25
CityB,person_2322,card_3536,21
CityA,person_2323,card_2287,19
CityB,person_2324,card_4686,31
CityB,person_2325,card_2322,61
CityB,person_2326,card_3721,60
CityA,person_2327,card_4923,12
CityD,person_2328,card_1312,12
CityB,person_2329,card_3732,2
CityA,person_2330,card_1225,6
CityD,person_2331,card_885,56
CityD,person_2332,card_2697,100
CityB,person_2333,card_1897,97
CityC,person_2334,card_4387,57
CityC,person_2335,card_3413,63
CityB,person_2336,card_4462,61
CityB,person_2337,card_219,50
CityB,person_2338,card_4951,79
CityC,person_2339,card_3488,5
CityA,person_2340,card_1533,19
CityB,person_2341,card_1822,20
CityC,person_2342,card_475,78
CityA,person_2343,card_3513,1
CityC,person_2344,card_1457,92
CityC,person_2345,card_4897,42
CityD,person_2346,card_2703,74
CityD,person_2347,card_2367,89
CityC,person_2348,card_3546,23
CityB,person_2349,card_459,1
CityB,person_2350,card_80,44
CityA,person_2351,card_1872,16
CityA,person_2352,card_214,30
CityD,person_2353,card_1989,19
CityA,person_2354,card_3807,11
CityA,person_2355,card_979,51
CityB,person_2356,card_3812,16
CityC,person_2357,card_2243,3
CityA,person_2358,card_2716,81
CityD,person_2359,card_4947,70
CityA,person_2360,card_3739,27
CityB,person_2361,card_4690,51
CityA,person_2362,card_3141,54
CityC,person_2363,card_932,59
CityC,person_2364,card_306,10
CityA,person_2365,card_3762,28
CityA,person_2366,card_446,78
CityD,person_2367,card_2506,35
CityA,person_2368,card_1424,62
CityD,person_2369,card_4587,83
CityC,person_2370,card_405,80
CityA,person_2371,card_769,61
CityC,person_2372,card_653,22
CityC,person_2373,card_2252,16
CityC,person_2374,card_2883,46
CityD,person_2375,card_4158,63
CityB,person_2376,card_1410,87
CityB,person_2377,card_3441,75
CityB,person_2378,card_2255,95
CityB,person_2379,card_3475,69
CityD,person_2380,card_602,90
CityD,person_2381,card_3900,94
CityC,person_2382,card_3216,13
CityA,person_2383,card_1477,75
CityA,person_2384,card_3937,93
CityB,person_2385,card_3905,1
CityC,person_2386,card_58,58
CityC,person_2387,card_698,13
CityC,person_2388,card_3068,88
CityC,person_2389,card_5,80
CityD,person_2390,card_587,12
CityC,person_2391,card_4344,73
CityD,person_2392,card_1681,41
CityD,person_2393,card_1052,49
CityA,person_2394,card_7,81
CityD,person_2395,card_1655,54
CityB,person_2396,card_3673,82
CityA,person_2397,card_826,32
CityA,person_2398,card_530,45
CityB,person_2399,card_675,61
CityC,person_2400,card_1315,71
CityB,person_2401,card_2898,84
CityD,person_2402,card_3873,49
CityC,person_2403,card_1414,48
CityA,person_2404,card_3766,58
CityA,person_2405,card_2973,86
CityD,person_2406,card_308,49
CityA,person_2407,card_1811,80
CityB,person_2408,card_1146,3
CityD,person_2409,card_2743,54
CityC,person_2410,card_1485,4
CityA,person_2411,card_1726,53
CityB,person_2412,card_4218,19
CityD,person_2413,card_1655,69
CityD,person_2414,card_2728,23
CityA,person_2415,card_4810,31
CityD,person_2416,card_4065,57
CityC,person_2417,card_1325,98
CityB,person_2418,card_2611,12
CityD,person_2419,card_3038,32
CityA,person_2420,card_2196,21
CityA,person_2421,card_992,14
CityA,person_2422,card_1586,64
CityC,person_2423,card_4261,85
CityB,person_2424,card_962,3
CityB,person_2425,card_2457,47
CityA,person_2426,card_2674,97
CityC,person_2427,card_162,30
CityD,person_2428,card_2758,89
CityA,person_2429,card_4137,40
CityC,person_2430,card_1315,96
CityD,person_2431,card_4487,38
CityD,person_2432,card_2609,38
CityB,person_2433,card_2817,78
CityA,person_2434,card_2542,95
CityC,person_2435,card_2981,85
CityC,person_2436,card_468,47
CityD,person_2437,card_3401,42
CityC,person_2438,card_2497,4
CityA,person_2439,card_4119,95
CityD,person_2440,card_4152,52
CityA,person_2441,card_2607,46
CityD,person_2442,card_352,67
CityD,person_2443,card_1582,78
CityD,person_2444,card_3588,38
CityA,person_2445,card_691,89
CityD,person_2446,card_2147,35
CityB,person_2447,card_3601,73
CityC,person_2448,card_813,17
CityA,person_2449,card_2918,6
CityA,person_2450,card_3977,1
CityC,person_2451,card_279,67
CityA,person_2452,card_3750,99
CityA,person_2453,card_3320,89
CityC,person_2454,card_563,21
CityC,person_2455,card_4372,14
CityD,person_2456,card_34,86
CityC,person_2457,card_3283,82
CityB,person_2458,card_3314,12
CityD,person_2459,card_3969,94
CityC,person_2460,card_3898,74
CityD,person_2461,card_3073,67
CityA,person_2462,card_689,26
CityC,person_2463,card_1579,43
CityA,person_2464,card_1102,90
CityD,person_2465,card_670,82
CityA,person_2466,card_4823,23
CityA,person_2467,card_4438,44
CityB,person_2468,card_397,10
CityA,person_2469,card_4912,17
CityD,person_2470,card_707,95
CityD,person_2471,card_3912,100
CityD,person_2472,card_605,83
CityD,person_2473,card_2607,40
CityC,person_2474,card_2841,41
CityD,person_2475,card_4597,97
CityD,person_2476,card_4475,48
CityC,person_2477,card_2143,94
CityB,person_2478,card_3982,87
CityA,person_2479,card_1320,25
CityD,person_2480,card_174,41
CityB,person_2481,card_3655,88
CityB,person_2482,card_4061,20
CityD,person_2483,card_882,6
CityA,person_2484,card_4522,7
CityC,person_2485,card_3420,69
CityC,person_2486,card_3813,25
CityA,person_2487,card_3001,5
CityC,person_2488,card_1876,71
CityC,person_2489,card_2414,15
CityC,person_2490,card_3172,18
CityA,person_2491,card_2742,96
CityA,person_2492,card_2763,86
CityB,person_2493,card_720,12
CityB,person_2494,card_1254,47
CityD,person_2495,card_1342,86
CityD,person_2496,card_2905,32
CityA,person_2497,card_316,88
CityA,person_2498,card_3431,38
CityA,person_2499,card_2245,51
